Id,Latitude,Longitude
,,
9C47,-33.012123,27.899988
,,
4B0E,-33.036249,27.844285
,,
4A54,-32.969588,27.939134
,,
49B9,-32.97358,27.898781
,,
5912,-33.924231,25.591597
,,
497A,-33.97728,25.598595
,,
4982,-32.994965,26.266908
,,
51FB,-32.201994,28.241082
,,
43CF,-31.914368,28.731281
,,
43FB,-31.670726,29.178173
,,
43F8,-32.081968,27.949907
,,
43F7,-33.046432,27.593058
,,
59E9,-32.146417,28.503443
,,
4A15,-33.989142,25.666184
,,
50B6,-32.755988,27.659371
,,
944F,-30.970336,29.987701
,,
497D,-32.639252,28.18112
,,
5012,-34.002065,25.531613
,,
A741,-33.500259,26.858821
,,
58F1,-30.967893,27.595781
,,
5257,-33.906642,25.546005
,,
501F,-32.445384,27.992589
,,
49B6,-30.926031,28.982552
,,
4A12,-32.933953,27.995663
,,
5052,-33.842498,25.536651
,,
83E9,-33.154224,27.626309
,,
43DF,-33.586792,26.910369
,,
4BBA,-33.945626,25.512732
,,
58EC,-31.874926,26.824145
,,
83E5,-31.638598,27.25882
,,
DD9E,-31.361373,27.067609
,,
58F0,-31.732615,26.784029
,,
51D6,-31.998863,27.600125
,,
5313,-31.560194,28.39816
,,
49DD,-32.020611,27.80365
,,
44D6,-31.655808,28.009246
,,
4AFD,-31.31996,27.762595
,,
455F,-33.768375,25.397916
,,
4A69,-31.219292,28.195073
,,
4B18,-30.703109,27.275062
,,
59BF,-31.596986,28.743104
,,
75C8,-31.505332,27.668445
,,
756E,-31.497307,24.98969
,,
4B10,-31.406653,26.41204
,,
50BD,-33.737617,25.376702
,,
A6A8,-32.562277,27.447209
,,
4A2D,-33.802917,25.589475
,,
44AC,-32.957064,27.722369
,,
A790,-33.783198,25.420915
,,
DB6F,-31.446956,27.327247
,,
9F99,-31.541724,27.001484
,,
7570,-31.682162,25.81768
,,
8F59,-31.422542,28.772117
,,
4A01,-32.830284,27.200029
,,
57F0,-32.991051,27.820308
,,
58F9,-32.981328,27.865965
,,
4B40,-33.006232,27.874269
,,
507B,-33.7556,25.4187
,,
4AFC,-33.018272,27.857457
,,
A740,-32.990925,27.924003
,,
9772,-33.117405,27.709968
,,
5079,-33.175959,26.393828
,,
4FFE,-33.814054,25.458289
,,
71A4,-33.937281,25.023151
,,
43CD,-34.032537,24.759625
,,
4A16,-33.290201,26.552634
,,
DD9F,-33.759981,24.828374
,,
A70A,-33.807043,25.646199
,,
9BEA,-33.947538,25.557892
,,
A6FF,-33.375785,25.431338
,,
A710,-33.542997,25.654894
,,
9C9C,-33.328291,26.501613
,,
A1E8,-33.318504,26.528605
,,
A10F,-32.712908,25.577329
,,
A13F,-32.655484,26.049945
,,
9DAB,-32.691608,26.343989
,,
9B93,-32.793845,26.837103
,,
845E,-31.604527,28.777282
,,
A193,-32.680413,27.259915
,,
977A,-33.000417,27.906725
,,
9F3A,-33.210702,27.119418
,,
A172,-33.820863,23.871643
,,
5240,-31.588862,28.786225
,,
9C3D,-30.268963,28.792921
,,
99BC,-32.848798,27.967745
,,
9F38,-32.814993,28.115702
,,
9F32,-32.699037,28.355185
,,
99BA,-32.939353,24.667459
,,
A778,-33.144265,27.677137
,,
9CED,-31.569103,26.527076
,,
9F69,-33.039292,27.833613
,,
96B9,-33.879495,25.559797
,,
9F9C,-33.963195,25.609862
,,
9D44,-32.263089,25.742034
,,
A17D,-33.291688,23.495798
,,
A1F2,-31.993426,26.27214
,,
9AD5,-32.507487,25.245998
,,
9D45,-33.811571,24.887548
,,
4A9C,-32.993645,27.852753
,,
44A2,-34.042885,24.92111
,,
A795,-31.0666,28.3428
,,
A794,-31.2883,25.8135
,,
533A,-30.712482,26.705769
,,
A930,-34.024291,24.915501
,,
A75D,-33.68117,26.666318
,,
A6A0,-33.797909,25.478723
,,
A7D3,-33.94452,25.49422
,,
A6A5,-32.959266,27.896899
,,
A7B9,-33.862247,25.599413
,,
A6AC,-33.65847,26.410791
,,
A6F1,-31.622493,29.545114
,,
A7D7,-32.262858,24.548112
,,
A66B,-32.802573,26.822598
,,
DBD3,-32.726766,25.60747
,,
44B2,-34.172973,24.81934
,,
A7D1,-32.962853,27.662277
,,
DDAA,-32.099778,28.304889
,,
C08B,-30.527827,27.371174
,,
A7D5,-33.967853,25.440927
,,
A7D9,-33.832592,25.395931
,,
457C,-33.98237,25.56289
,,
A6AA,-33.536965,26.069495
,,
A1C6,-33.97987,25.523022
,,
A770,-32.940828,28.024604
,,
49AD,-32.947133,27.978225
,,
43EC,-32.94259,27.700869
,,
5973,-33.006242,27.858414
,,
534F,-32.940128,28.007236
,,
508A,-33.647232,25.877277
,,
5268,-32.983269,27.903913
,,
DD92,-33.017813,27.918338
,,
A6AE,-33.037732,27.875504
,,
C0B0,-32.953069,27.94498
,,
9F66,-32.942341,27.947724
,,
DD99,-32.924892,28.038999
,,
6D2B,-33.200737,27.613286
,,
C080,-33.097763,27.781391
,,
A178,-32.987691,27.941816
,,
8C9D,-33.071543,27.832183
,,
A1EC,-32.932487,27.730369
,,
727A,-32.98106,27.88485
,,
75E4,-32.99593,27.89407
,,
58FA,-32.886514,27.539362
,,
8D98,-33.010186,27.83805
,,
71A7,-32.923158,27.68897
,,
4FFD,-33.370341,26.471202
,,
44BB,-33.286947,26.706736
,,
4A20,-33.280055,26.840052
,,
5905,-33.035842,27.226602
,,
457D,-30.836902,29.398183
,,
522D,-30.83713,29.147918
,,
49AF,-32.339706,28.166853
,,
5032,-32.77367,27.931152
,,
5046,-32.42112,27.250195
,,
44A6,-31.565373,26.650778
,,
7DA3,-31.114943,26.821392
,,
5031,-33.886423,25.263912
,,
43EB,-34.02503,24.429696
,,
93AA,-33.975229,23.809572
,,
4BB8,-32.164736,25.630079
,,
58FB,-32.692588,25.815441
,,
E041,-33.316598,25.946201
,,
DBB2,-31.692366,25.179519
,,
5945,-32.240196,24.533368
,,
4485,-32.488847,24.054002
,,
A73A,-33.071146,23.481172
,,
49B0,-31.902627,26.942231
,,
500B,-32.008113,27.003765
,,
4483,-32.280987,27.141189
,,
73E1,-33.327759,26.49762
,,
A1E7,-32.567674,27.42752
,,
DB6B,-31.557104,28.677663
,,
9F98,-30.34729,28.809672
,,
9C9D,-31.085522,28.364525
,,
4A14,-32.765548,26.657509
,,
43ED,-31.159354,28.955336
,,
5248,-31.366442,29.572839
,,
520B,-31.081861,29.494615
,,
A796,-30.870845,29.839117
,,
590B,-31.000608,26.338679
,,
5016,-33.029933,27.887286
,,
44B5,-32.940162,27.758393
,,
4A09,-32.909964,27.756792
,,
50AA,-33.010143,27.892244
,,
50B3,-33.810838,25.368247
,,
50B8,-33.861677,25.508116
,,
57E9,-32.919725,27.420659
,,
4B08,-32.76545,27.160645
,,
A6A6,-32.851369,27.436483
,,
43F2,-33.649011,25.590165
,,
44B9,-32.20006,26.81255
,,
5217,-33.013101,27.91658
,,
A785,-32.949314,27.783372
,,
C07B,-32.884467,27.388561
,,
DDAE,-27.97991,26.732008
,,
DD95,-27.962908,26.798961
,,
44DB,-28.081688,26.881899
,,
49E8,-27.21362,27.500784
,,
5042,-26.864694,27.872154
,,
5226,-29.082178,26.220906
,,
4A25,-28.089745,27.138175
,,
4A1B,-27.261449,28.507698
,,
5092,-27.651079,27.197773
,,
DB6D,-27.136517,26.722086
,,
845F,-28.142301,26.896173
,,
75CD,-29.157634,26.270858
,,
847C,-28.304383,28.711875
,,
97A0,-27.969341,26.835737
,,
9C31,-26.775525,27.844134
,,
9F5F,-29.741737,25.943295
,,
A136,-29.146054,26.156864
,,
A189,-28.944839,27.060313
,,
9F53,-28.636452,27.410921
,,
A140,-27.211391,26.927287
,,
9F31,-28.492591,28.422361
,,
A72B,-29.159092,26.194505
,,
A192,-29.106562,25.411243
,,
9C45,-28.913343,27.567197
,,
978A,-27.385313,26.611843
,,
9FAE,-29.409098,24.994951
,,
8464,-28.322891,27.626325
,,
9FA9,-28.280697,26.143547
,,
A72D,-28.4844,28.8259
,,
A739,-30.270807,25.767178
,,
A77B,-26.926289,27.47664
,,
A7F8,-27.277122,28.494986
,,
DB79,-27.978324,26.773022
,,
A711,-27.802218,28.417909
,,
4462,-28.516726,27.0133
,,
DBAC,-27.85609,28.96417
,,
9C4A,-29.116455,26.184141
,,
DBB8,-27.555238,27.673872
,,
A72A,-29.748341,25.315082
,,
A7A5,-30.264356,25.274556
,,
44B4,-28.504479,27.933842
,,
A65A,-30.299872,27.081158
,,
A7FD,-27.67847,29.564698
,,
449B,-30.495074,25.97373
,,
7CDC,-29.645498,26.181893
,,
A6E8,-28.12788,25.503469
,,
4B22,-28.672501,25.766483
,,
9FE6,-29.102018,26.22818
,,
4ADC,-27.554492,28.516969
,,
890D,-26.889904,28.096649
,,
DBB0,-29.136807,26.239621
,,
E034,-27.9621,26.739116
,,
A654,-29.0907,26.2754
,,
843B,-29.58155,26.664849
,,
A18F,-28.5219,28.423
,,
4A71,-29.172202,26.221055
,,
93A2,-28.4908,28.19097
,,
C089,-28.002748,28.33546100000001
,,
A798,-28.108625631088287,27.979755699634552
,,
9BE6,-27.873167,26.669194
,,
DBAB,-29.996062,25.808066
,,
497F,-27.49204,28.857282
,,
5227,-28.253791,29.107517
,,
5937,-27.936337,28.968795
,,
4A5A,-28.226941,28.308626
,,
4999,-28.245298,28.300933
,,
4482,-26.911656,27.447223
,,
DB63,-30.207046,26.516733
,,
9F54,-30.41471,26.815959
,,
7CEF,-28.629642,28.800639
,,
74E3,-29.176254,26.629756
,,
5976,-29.095117,26.173789
,,
436C,-29.195959,26.817539
,,
A162,-29.218112,26.67163
,,
507C,-27.804874,28.453757
,,
4B42,-26.994528,28.211964
,,
5A01,-27.266165,27.978957
,,
4993,-28.694538,26.459487
,,
5027,-26.816604,27.830788
,,
4464,-27.429395,29.165023
,,
4560,-28.239543,28.341645
,,
5014,-27.851871,26.363917
,,
49EC,-28.553389,28.776714
,,
A779,-28.574011,25.308715
,,
8F52,-27.951732,25.706725
,,
49CA,-27.950954,27.595851
,,
5926,-27.885605,27.909124
,,
A134,-29.723288,27.031443
,,
9F61,-27.754064,26.646926
,,
9773,-29.296554,27.443614
,,
A700,-27.014693,28.621051
,,
4341,-29.236118,27.374599
,,
C099,-28.878064,27.857892
,,
49FE,-29.103756,26.31586
,,
49F2,-29.052467,26.199357
,,
4AEB,-29.191596,26.237809
,,
49B4,-29.122463,26.208321
,,
9C4C,-29.237901,26.172604
,,
E032,-27.915046,26.796733
,,
4371,-29.229065,26.730433
,,
4AF7,-29.190049,26.927752
,,
756F,-30.611232,26.70318
,,
5095,-28.221511,28.331385
,,
5924,-28.268904,28.329256
,,
49CC,-28.242595,28.309521
,,
E033,-28.295523,27.945404
,,
E031,-28.617818,28.211735
,,
4A95,-28.289189,29.113946
,,
49AE,-27.167991,28.70187
,,
5040,-29.193861,27.432253
,,
4B0B,-27.649051,27.232235
,,
5085,-28.105677,26.865409
,,
44DE,-27.663381,27.234143
,,
4A68,-26.210636,28.121616
,,
49F9,-26.040214,28.068037
,,
DDA5,-26.147317,28.102342
,,
DD2C,-25.99744,28.128383
,,
5090,-26.672231,27.929474
,,
4420,-25.807833,28.524599
,,
520D,-25.809153,28.744602
,,
507F,-25.849684,28.247408
,,
4369,-26.359292,27.398449
,,
A184,-26.657091,27.849669
,,
5051,-25.680041,28.217962
,,
4372,-25.604017,27.996557
,,
4A63,-25.516285,28.06212
,,
5015,-26.303445,28.447501
,,
A937,-26.409508,27.829269
,,
A18D,-26.581367,27.877799
,,
435E,-26.276457,28.01054
,,
A6EF,-25.921472,28.16661
,,
509C,-25.645414,28.244516
,,
503A,-25.680127,28.268284
,,
509F,-26.120786,27.817825
,,
437B,-26.003502,28.414806
,,
4424,-25.991248,28.066682
,,
4A73,-26.196686,28.422397
,,
4FFC,-26.08197,27.781802
,,
A10C,-26.247146,27.856073
,,
DBB6,-26.280595,28.0382
,,
4A2C,-26.172265,27.758658
,,
498A,-26.08521,28.281288
,,
9FDC,-25.460082,28.118921
,,
A704,-26.149182,27.864275
,,
4A6A,-25.803285,28.295055
,,
595D,-25.980372,28.119755
,,
5081,-26.186564,28.146628
,,
43EA,-26.25884,28.083998
,,
5228,-26.32997,28.11792
,,
7D52,-26.034407,28.157369
,,
503B,-26.390569,28.00133
,,
50B7,-25.949562,28.117497
,,
521E,-26.253265,28.186547
,,
596B,-25.691838,28.213108
,,
A69E,-26.105829,27.804844
,,
5028,-26.160796,27.95629
,,
DD23,-25.676692,28.522405
,,
5967,-25.71879,28.697754
,,
4983,-26.124782,28.365433
,,
596C,-26.427193,27.391766
,,
49A1,-25.792038,28.158038
,,
49F0,-25.840052,28.270225
,,
9CE1,-26.493032,28.538319
,,
4987,-26.07254,27.974908
,,
5956,-26.237746,28.363315
,,
497B,-26.009227272594956,28.21542665362358
,,
A170,-25.439675,28.513393
,,
C07F,-26.119968,28.45882
,,
DDB0,-26.274078,27.804653
,,
5100,-26.221048,27.636536
,,
5201,-26.321627,27.83678
,,
58FF,-26.050049,27.968761
,,
49F8,-26.229598,28.433405
,,
58F8,-26.323192,28.253704
,,
5001,-26.265318,28.508697
,,
50AE,-25.536909,28.100561
,,
5954,-26.348493,28.222056
,,
A677,-26.159319,28.321185
,,
5930,-26.065315,28.258567
,,
51D0,-25.768546,28.075679
,,
507D,-26.019083,28.235961
,,
49BF,-26.101753,28.338957
,,
9FB2,-25.872743,28.372189
,,
4986,-26.128106,27.971716
,,
520A,-26.148991,28.372947
,,
4AF0,-26.128455,27.906157
,,
11957,-25.827743,28.268257
,,
5022,-26.279926,28.449464
,,
A151,-25.788101,28.097674
,,
5947,-26.123375,28.031194
,,
43E6,-26.128362,28.286252
,,
A669,-26.270902,27.935514
,,
5005,-25.748549,28.090185
,,
5030,-26.071716,27.759302
,,
4379,-26.244514,27.940926
,,
A71C,-26.258944,28.390304
,,
51EB,-26.181862,27.942802
,,
5007,-26.275827,28.340534
,,
49D7,-26.227372,28.473028
,,
5958,-25.841165,28.250959
,,
A7AA,-26.084239,28.050835
,,
49A7,-26.258985,27.997312
,,
5033,-26.123318,28.253745
,,
5013,-26.216869,27.870829
,,
49A6,-25.375167,28.238586
,,
5021,-26.103653,28.000397
,,
44A3,-25.508813,28.117823
,,
58EE,-26.497282,28.362694
,,
507A,-25.39017,28.301078
,,
595A,-26.70806,27.879681
,,
43E5,-26.359832,28.385021
,,
5936,-26.220316,27.903008
,,
50A0,-26.123977,28.048758
,,
5020,-26.242675,27.985035
,,
4484,-26.419341,28.472533
,,
50A4,-26.144346,27.914715
,,
43DC,-26.135334,27.739959
,,
5026,-25.631897,28.096582
,,
50BB,-25.887126,28.688378
,,
44A4,-25.948593,28.482786
,,
5096,-25.904655,28.158022
,,
50A3,-25.85162,28.160988
,,
4B20,-25.767049,28.46717
,,
4556,-26.396393,27.869213
,,
4A17,-26.151971,28.416131
,,
4B1E,-26.164169,28.183225
,,
4B11,-26.137464,27.99633
,,
9C49,-25.685381,28.109887
,,
5025,-25.71153,28.378082
,,
501E,-25.409212,28.266429
,,
57FB,-25.803721,28.280468
,,
5961,-26.311567,28.412034
,,
833F,-26.155981,28.064035
,,
8ABC,-26.157522,27.804442
,,
DB66,-26.241643,27.825923
,,
4B30,-26.149389,27.704428
,,
5099,-25.740772,28.357279
,,
4A6D,-25.703562,28.349205
,,
4A57,-26.322011,27.680308
,,
A69D,-26.246808,28.316397
,,
497C,-26.173103,28.211675
,,
5247,-25.752439,28.162806
,,
A6E5,-25.785813,28.243894
,,
9F33,-26.196098,28.280693
,,
83E3,-26.195923,28.363352
,,
593D,-26.058739,28.176292
,,
845B,-25.887339,28.073113
,,
521B,-26.275177,27.835705
,,
A1FC,-26.240573,27.897743
,,
9BE9,-26.218364,27.835749
,,
843A,-26.209893,28.025012
,,
9F62,-26.457373,27.767345
,,
43F3,-26.367678,27.891145
,,
5218,-26.114713,28.108789
,,
754E,-26.555108,28.326549
,,
5929,-26.294893,28.392379
,,
74E9,-25.845658,28.104828
,,
A79F,-26.235474,28.090809
,,
4A76,-25.982393,28.015052
,,
5220,-26.298957,27.913806
,,
754D,-26.237106,28.016056
,,
7237,-26.327389,27.324241
,,
5098,-25.986718,28.239617
,,
9F5B,-25.920608,28.017977
,,
A771,-25.980429,28.199158
,,
8460,-26.333128,28.356215
,,
5340,-25.784394,28.031892
,,
7571,-25.407679,28.174892
,,
A6EA,-25.911517,28.092839
,,
9C39,-26.470458,27.852189
,,
A1F0,-26.023319,28.184958
,,
A934,-26.265112,27.620176
,,
521F,-25.470469,28.058421
,,
524D,-26.132285,28.202902
,,
A150,-26.505872,27.468621
,,
4A6C,-25.812187,28.108342
,,
A13E,-25.723519,28.140703
,,
9CE8,-25.985061,28.157683
,,
9F57,-26.130318,28.072467
,,
43EF,-26.076621,27.923285
,,
4A1C,-26.11387,27.94761
,,
A143,-25.738847,28.216039
,,
9F34,-25.777337,28.317998
,,
DE51,-26.8615,28.2454444
,,
9F39,-25.829024,28.338427
,,
5A0C,-26.090701,27.963055
,,
43D3,-26.077713,28.195683
,,
5065,-25.732463,28.297397
,,
A736,-25.936572,28.145455
,,
4B13,-26.013792,28.122044
,,
A78F,-26.278745,28.167894
,,
73E3,-26.197006,27.922792
,,
A702,-25.997128,28.039798
,,
4900,-26.675008,27.783966
,,
979E,-25.774613,28.240998
,,
A70E,-26.276181,27.771246
,,
A73D,-25.788983,28.283915
,,
A760,-26.056847,28.085203
,,
A723,-26.063978,27.940608
,,
A72F,-26.343679,27.861566
,,
A77E,-25.67061,28.15637
,,
A657,-25.713,28.27098
,,
A743,-26.2833,28.06376
,,
A703,-26.2612,28.0521
,,
A733,-26.2041,28.2482
,,
A786,-26.28598,27.71448
,,
A74E,-26.02694,27.98575
,,
A6D7,-26.18817,27.99072
,,
A75A,-26.28136,28.23501
,,
49F6,-26.062705,28.230323
,,
5037,-25.80677,28.22994
,,
A721,-25.9784,28.0939
,,
8F58,-26.135342,28.175543
,,
A742,-26.168509,28.108664
,,
A701,-26.309,28.1097
,,
8C35,-26.3434,28.15565
,,
5315,-26.04036,28.21714
,,
81A2,-25.5039222,28.0943694
,,
A76E,-26.2257,28.25328
,,
4A29,-26.08946,28.06316
,,
4B44,-26.104383,28.228002
,,
9F90,-25.996441,27.995815
,,
A7DD,-25.83335,28.18165
,,
9CE7,-26.16665,27.90919
,,
A746,-26.124488,28.228755
,,
A6A9,-26.228,28.17857
,,
A76A,-26.196584,28.215972
,,
DB64,-26.2419,28.33773
,,
A7F7,-26.33409,28.39225
,,
A6E6,-26.162507,28.294145
,,
A66C,-26.050624,28.100311
,,
A731,-26.13845,28.02044
,,
5962,-26.59229,27.83965
,,
DB5B,-25.8995,28.13198
,,
DB71,-26.14337,28.14688
,,
4981,-26.200765,28.092399
,,
A726,-26.38286,27.80967
,,
A772,-26.0818,28.1261
,,
A73E,-26.3311,27.6579
,,
A6EB,-25.70832,28.19224
,,
A799,-26.294722,28.587508
,,
A684,-26.12388,27.87497
,,
A6F9,-26.10637,27.84287
,,
498C,-26.23693,28.07015
,,
A112,-26.227667,27.688528
,,
A71E,-25.620682,28.079225
,,
A196,-26.212659,28.160047
,,
4A11,-26.312115,28.007898
,,
A695,-26.333587,27.87444
,,
A678,-26.096964,28.149409
,,
591C,-26.297162,27.94991
,,
A6F3,-25.790106,28.335287
,,
A74D,-26.243281,27.959286
,,
A79D,-26.280139,27.963619
,,
DB57,-26.150019,27.880512
,,
593B,-26.213409,28.199273
,,
DE45,-26.177953,28.266715
,,
A7F2,-26.220303,28.310459
,,
A69B,-26.658425,27.970984
,,
A773,-26.726483,27.837927
,,
A7EC,-26.662664,27.892066
,,
502A,-26.238035,28.153246
,,
4ACE,-26.515788,27.891843
,,
A7ED,-25.667324,28.370375
,,
8C3B,-26.165673,27.68232
,,
8405,-26.098711,27.745015
,,
9FF2,-26.02323,27.91982
,,
DD25,-26.000829,28.31602
,,
83EB,-26.330531,28.097146
,,
590E,-25.71749,28.324342
,,
A784,-26.369377,28.40431
,,
9C3A,-26.324903,28.445404
,,
DDA3,-26.158833,27.787455
,,
A938,-26.432322,28.509726
,,
51EF,-25.589929,28.105976
,,
9F96,-26.621325,27.941239
,,
44CC,-26.493011,27.493921
,,
9B92,-26.155165,27.937833
,,
4A5F,-26.123398,27.857148
,,
4F7F,-26.181007,28.175576
,,
9F5A,-26.356542,27.333831
,,
9FB1,-25.860463,27.529873
,,
C0DB,-26.02857,28.13355
,,
A6B7,-25.97195,28.13313
,,
E038,-25.945144,28.097098
,,
E040,-25.884904,28.108421
,,
DBB1,-26.170557,28.145217
,,
A93B,-26.246513,28.040002
,,
E036,-26.257169,28.016342
,,
505E,-26.28483,28.11032
,,
A6E0,-26.38074,28.16244
,,
C0C1,-26.031026,27.878244
,,
4466,-25.98965,27.93978
,,
DD24,-25.867731,28.330204
,,
878B,-26.528222,28.364044
,,
DB68,-26.173749,27.647125
,,
DB6A,-25.770222,28.050739
,,
A754,-26.153788,27.928249
,,
A14A,-26.248881,28.060398
,,
DB76,-26.272102,27.976553
,,
A679,-26.222405,28.291762
,,
A652,-26.112091,28.181295
,,
51FF,-26.190662,28.318045
,,
A183,-25.748217,28.232847
,,
44D3,-25.997143,27.536283
,,
4422,-26.1423,27.8392
,,
A6BC,-25.8624,28.1377
,,
4A04,-26.021888,28.008093
,,
A1FB,-25.81132,28.31168
,,
A699,-26.0621,27.9023
,,
A1F5,-26.1021,27.859
,,
A658,-26.5636,27.9282
,,
5004,-26.3585,28.1038
,,
A6B1,-26.315398,28.1492
,,
4991,-25.962205,28.097638
,,
DD2D,-26.103824,27.92622
,,
A67A,-26.098957,27.979436
,,
C0BC,-26.206817,28.037946
,,
8F57,-26.420087,28.107813
,,
A656,-25.802393,28.243055
,,
A653,-26.25707,28.238
,,
53D5,-26.09267,28.03669
,,
C0CD,-25.762698,28.304495
,,
8F55,-25.98965,28.20916
,,
51DB,-26.195779,28.396261
,,
C99D,-26.09272,28.24823
,,
7276,-26.419247,27.874224
,,
C09D,-25.579767,28.017575
,,
A14D,-25.658003,28.199315
,,
A738,-25.697379,28.290654
,,
A76C,-25.992817,28.106918
,,
A6DC,-26.170954,27.884478
,,
4A24,-25.778311,28.380813
,,
4ADE,-26.257873,28.290842
,,
A6CB,-26.755583,27.712694
,,
A1FA,-26.285592,28.470406
,,
A921,-26.21312,28.00525
,,
C0BA,-26.100435,28.117885
,,
4BB4,-26.041389,28.181558
,,
C0A9,-25.8192,28.15161
,,
4470,-25.827504,28.204839
,,
7555,-25.75052,28.214002
,,
E035,-25.76769,28.25195
,,
A747,-25.79224,28.3104
,,
92C9,-26.29337,28.05024
,,
4B17,-26.15445,28.15918
,,
5082,-26.157352,28.088323
,,
591D,-25.766169,28.205734
,,
C0D2,-26.26136,27.910667
,,
C09A,-25.72525,28.1793
,,
C07C,-26.526707,28.036088
,,
DD90,-25.720561,28.103705
,,
DD8D,-25.648306,28.098596
,,
8D1C,-26.00994,27.959113
,,
4489,-25.721877,28.403746
,,
DD93,-26.137432,28.433428
,,
5288,-26.074408,28.039449
,,
4AED,-26.264976,28.119669
,,
591A,-26.25076,28.439137
,,
4437,-25.749051,28.132505
,,
43DB,-25.93437,27.927085
,,
43D9,-26.094411,28.08974
,,
522A,-26.054271,28.022342
,,
448F,-26.177555,27.705485
,,
43D7,-26.299463,28.0616
,,
5966,-26.316193,28.199906
,,
4A74,-26.532559,27.859254
,,
A6E4,-26.702218,27.836599
,,
A655,-26.18703,28.049256
,,
596F,-26.040275357951142,28.024234771728516
,,
50A5,-26.09876,28.050244
,,
5234,-25.873232,28.193628
,,
5252,-26.06991,28.09231
,,
51EE,-26.557253,28.014281
,,
4A9B,-26.257456,28.267599
,,
5056,-26.061126,27.834481
,,
51F6,-26.270395,27.875526
,,
837A,-26.396432,27.580721
,,
9570,-26.01512336435186,28.10707077383995
,,
936C,-25.670441690141825,28.11211735010147
,,
93B2,-26.266433,27.982724
,,
EA8D,-26.245757,28.353823
,,
A744,-25.969631,28.050923
,,
8341,-26.146914,28.036776
,,
93A3,-26.062258,28.010825
,,
4B4D,-26.146732,28.043472
,,
522B,-25.940074,28.044434
,,
A78C,-26.205648,28.047069
,,
498B,-26.103552,28.050744
,,
5915,-25.860179,28.214829
,,
4AEF,-25.890975,28.218529
,,
51DF,-25.718635,28.249584
,,
7882,-25.767238,28.364664
,,
4495,-25.756178,28.237009
,,
5919,-26.112535,28.053078
,,
6D7F,-26.098233,28.055486
,,
49E9,-26.109236,27.872336
,,
57F6,-25.792927,28.079898
,,
500E,-26.091295,28.006811
,,
57F1,-25.761205,28.337517
,,
4348,-26.142405,28.214734
,,
5202,-26.180832,28.241622
,,
A133,-26.085489,27.918344
,,
9DBE,-25.771945,28.234452
,,
A6B0,-26.209646,28.051143
,,
A6BF,-26.203421,28.068346
,,
5942,-25.746504,28.314337
,,
A66A,-23.911947,29.453953
,,
51ED,-23.880742,29.738005
,,
8385,-24.192832,29.016148
,,
5923,-23.681743,29.610585
,,
50AF,-24.799462,28.433593
,,
50AB,-23.950117,31.137504
,,
5974,-23.827623,30.161362
,,
503F,-24.883739,28.291687
,,
49C0,-24.190431,28.996853
,,
7554,-24.094854,28.967975
,,
51D5,-24.961003,29.294713
,,
49BD,-24.295023,28.122012
,,
A6DB,-22.992159,29.907952
,,
436E,-24.518683,28.711912
,,
49D9,-23.839137,29.388792
,,
4ADF,-23.154252,30.049114
,,
7DA1,-23.883853,29.439045
,,
8408,-24.889827,28.317254
,,
A71D,-25.162167,29.385465
,,
75C7,-24.697042,28.438179
,,
5ACB,-23.880625,29.401832
,,
82FF,-23.826584,31.687013
,,
50A7,-24.576436,27.397973
,,
9CE5,-23.309371,31.266072
,,
9777,-22.899724,30.252561
,,
A737,-22.950091,30.448223
,,
A7AD,-22.900365,30.026528
,,
A730,-23.003467,30.234098
,,
5957,-23.981289,29.954373
,,
49BA,-22.567804,30.811851
,,
9DB0,-23.295561,30.747237
,,
9FE1,-24.027771,29.3205241
,,
9F2C,-23.001489,27.945075
,,
A15A,-24.261701,30.456822
,,
9F7F,-24.733549,30.207411
,,
A72C,-24.954394,27.268187
,,
7FAA,-24.969184,31.593546
,,
A7AB,-23.063905,29.719937
,,
5964,-22.747802,30.510942
,,
A7EB,-24.202318,29.648036
,,
A1EA,-23.61917,30.25658
,,
C086,-27.794441,22.998158
,,
A174,-22.63907,30.23227
,,
88B5,-22.597752,30.329066
,,
EC25,-24.791015,28.122863
,,
A764,-24.52502,31.42124
,,
4A62,-23.892042,29.462642
,,
A724,-23.924193,29.436826
,,
A67D,-23.867242,30.184809
,,
A696,-23.939644,31.113367
,,
DB75,-23.870124,29.509483
,,
A926,-23.368515,29.326396
,,
9FAD,-24.65567,29.94344
,,
A801,-24.907528,29.767995
,,
5251,-22.353586,30.031957
,,
A14C,-24.686313,30.192825
,,
A68B,-23.882361,29.703139
,,
A18B,-22.978352,30.466704
,,
448B,-25.085045,28.306027
,,
5965,-24.350525,30.95126
,,
5916,-24.676579,30.330509
,,
51FE,-23.308239,30.692641
,,
A1F7,-23.611288,28.824026
,,
9F3C,-23.677746,27.736274
,,
49AB,-24.356987,29.314095
,,
4B19,-24.310179,29.47582
,,
A14E,-24.423243,29.770596
,,
8300,-24.770242,29.869577
,,
DD0F,-24.415853,30.089386
,,
9FE5,-23.16559,30.227188
,,
9FE2,-23.265248,28.431683
,,
4B2C,-23.001783,30.687981
,,
A6D4,-23.979095,30.274093
,,
9DBF,-23.88842,30.296845
,,
57E1,-23.113281,30.516604
,,
A119,-24.852526,29.952703
,,
9E1A,-25.256779,29.145871
,,
9774,-24.273285,29.844983
,,
8340,-24.053216,29.673636
,,
9FA0,-23.289945,29.14487
,,
5010,-25.313951,29.440087
,,
A149,-22.929208,30.273502
,,
A6E1,-23.844771,29.243761
,,
523C,-23.689624,27.697327
,,
49AC,-23.922912,30.818039
,,
4B14,-24.185069,29.482161
,,
4A70,-24.743252,29.649224
,,
58EB,-23.859595,28.764278
,,
5216,-24.704458,28.408868
,,
4A75,-23.041204,29.908331
,,
49E6,-22.882315,30.056598
,,
4423,-22.903342,30.21418
,,
509A,-22.950421,30.190824
,,
5088,-23.186323,30.057769
,,
A74C,-26.456869,29.46161
,,
9DAE,-26.064457,30.272547
,,
49CD,-25.650194,30.574897
,,
DD9D,-25.023435,31.113705
,,
51D7,-25.918899,29.227392
,,
58EF,-25.868576,29.227066
,,
43CE,-25.686705,31.618596
,,
A6E7,-26.71439,30.186561
,,
4AF8,-26.512261,29.198351
,,
A11C,-26.487893,29.217391
,,
DB61,-26.459209,29.119405
,,
49DA,-26.530577,29.990488
,,
49C1,-26.497979,29.984792
,,
4A07,-26.965975,30.787097
,,
8910,-26.583555,29.18144
,,
50BA,-25.773706,29.472689
,,
447E,-26.812353,30.441172
,,
A113,-26.623165,30.635454
,,
505C,-25.857227,30.945527
,,
9D46,-25.872775,29.235011
,,
50B2,-25.867457,29.248149
,,
5024,-24.766412,31.042279
,,
450E,-26.268649,29.261126
,,
51E6,-26.499717,30.023635
,,
51F5,-26.471368,29.111751
,,
A67C,-26.522195,29.984308
,,
502D,-26.146924,28.688542
,,
5325,-26.046198,29.123063
,,
4A18,-25.994783,29.038749
,,
A70D,-25.753423,31.554392
,,
8D9F,-27.026982,30.782075
,,
5029,-26.070068,30.117943
,,
A935,-25.784635,29.467927
,,
A1F8,-24.766179,31.903348
,,
A797,-25.144372,31.242213
,,
A1C5,-25.470891,31.423487
,,
A7FA,-25.023521,31.925042
,,
44CB,-25.446768,28.707267
,,
9778,-25.470822,31.265519
,,
5038,-25.693466,30.042549
,,
DDA1,-26.249733,30.825313
,,
A190,-26.033092,30.787132
,,
C0BB,-25.39822,31.16646
,,
A6C5,-26.160832,28.542034
,,
A186,-26.568169,29.074315
,,
9F68,-25.428504,31.159268
,,
9F95,-25.287909,31.168953
,,
A718,-25.0955,30.415506
,,
59D1,-26.6509,30.6764
,,
A728,-26.4094,29.0668
,,
7D73,-25.37523,28.80731
,,
49F4,-26.66232,28.58802
,,
A745,-25.9326,29.2478
,,
A1FD,-25.777428,29.427807
,,
A10D,-27.369847,29.883444
,,
E039,-26.736183,29.617088
,,
A6DE,-25.775476,31.022596
,,
A7A3,-26.090979,28.694656
,,
A6B4,-25.095462,30.453097
,,
4AE2,-25.753274,29.424277
,,
A6B6,-25.446713,30.954008
,,
44A9,-25.46707,30.93843
,,
A756,-26.799926,28.502742
,,
DD91,-26.15878,29.70977
,,
A688,-25.823819,29.215443
,,
44A8,-25.88613,29.22447
,,
58FE,-25.90674,29.26412
,,
A76B,-25.292344,28.937638
,,
4345,-25.32748,31.01835
,,
5242,-27.003824,30.803648
,,
503D,-26.143345,30.838843
,,
5054,-25.789344,31.053212
,,
502C,-26.960872,29.213647
,,
5035,-25.881812,28.981005
,,
99BB,-27.367537,29.910907
,,
44A5,-26.507035,29.860508
,,
845C,-26.135103,29.729694
,,
49D4,-27.016302,29.864483
,,
8EF7,-24.851519,31.108653
,,
A13A,-24.595577,31.062943
,,
A769,-26.457328,29.624208
,,
DD2B,-26.232687,30.49355
,,
E02C,-26.971826,29.255712
,,
A116,-26.932748,29.23371
,,
9F94,-27.341606,30.162182
,,
49C3,-25.516073,31.326577
,,
A6B3,-26.532881,29.086529
,,
5223,-25.698895,31.570046
,,
505B,-25.815738,29.390037
,,
9B97,-25.690541,31.801702
,,
A7CD,-24.933004,31.125013
,,
9CF9,-25.136331,31.12864
,,
9E15,-24.98678,31.237371
,,
5970,-25.466057,28.641595
,,
5952,-25.502204,31.343336
,,
5928,-25.113112,29.048401
,,
520F,-25.900888,29.237085
,,
4B24,-25.589501,28.944892
,,
49FB,-26.884391,28.988919
,,
51F2,-25.766898,29.456646
,,
4AF2,-26.502732,29.182714
,,
51D2,-26.093426,29.464268
,,
4B45,-27.084505,30.509135
,,
4A10,-25.707215,30.234739
,,
4AEC,-24.926563,30.841672
,,
A6A3,-26.115941,30.774143
,,
4AFF,-25.857459,29.105836
,,
49C6,-25.519287,30.778526
,,
4A61,-25.585115,31.072813
,,
DD94,-25.357959,31.782163
,,
590F,-25.490469,31.004702
,,
4378,-25.474539,30.983197
,,
9C46,-25.386054,30.985084
,,
4B02,-25.574486,31.53274
,,
448E,-25.332407,31.002328
,,
58FD,-25.455585,31.979987
,,
781D,-25.098137,30.542392
,,
4B0A,-25.134282,30.877679
,,
DD9C,-25.063816,31.067486
,,
590D,-24.99673,30.760642
,,
74B3,-24.539758,30.870846
,,
4A06,-25.330746,31.104135
,,
4B35,-26.432743,29.483247
,,
9BE8,-25.874046,29.209722
,,
9DAA,-26.544942,29.078597
,,
4AF5,-26.512497,29.163007
,,
A6DD,-25.857234,29.240581
,,
497E,-28.744742,24.749015
,,
A10E,-28.717705,24.771323
,,
44B8,-28.444341,21.233573
,,
49E1,-30.656247,23.993192
,,
A722,-28.823038,21.999085
,,
A71F,-28.852677,23.228898
,,
58ED,-27.461017,23.426752
,,
449D,-27.916808,24.819547
,,
9BB9,-31.069928,24.437697
,,
8C66,-29.644999,22.748979
,,
455B,-29.658519,17.882868
,,
9C34,-31.414346,23.94429
,,
43F6,-30.393166,17.914553
,,
593A,-28.531472,24.507289
,,
4B31,-30.969755,22.128611
,,
504F,-31.449917,19.781673
,,
4A02,-28.777804,20.610326
,,
9FEE,-28.322336,23.065413
,,
49A2,-30.587037,23.500869
,,
4B32,-28.455283,21.250691
,,
4B2B,-31.403729,23.121824
,,
4B1C,-29.126121,19.397569
,,
5060,-32.391721,20.674636
,,
8302,-28.165487,22.372142
,,
4FFB,-28.41988,24.316725
,,
5008,-28.767445,24.754301
,,
9E1F,-31.069515,25.133385
,,
979F,-28.116048,24.847398
,,
9FA3,-27.913295,24.841845
,,
4AFE,-28.32047,23.069547
,,
A66D,-28.710175,24.724144
,,
8CA3,-27.370939,23.738826
,,
49A3,-30.7052,25.1007
,,
505F,-27.94372,22.737741
,,
DB59,-29.056102,23.775034
,,
9FAC,-29.622462,24.089549
,,
A694,-29.022848,24.636275
,,
A93C,-27.457624,23.459899
,,
DDA8,-27.698807,23.045566
,,
A685,-29.259145,17.735234
,,
A68F,-28.778355,24.774601
,,
A6ED,-28.758842,20.740994
,,
DB6E,-31.182297,24.956305
,,
5805,-30.639423,24.019703
,,
4BB6,-28.746052,24.771815
,,
49A8,-29.667878,17.883464
,,
DDAF,-25.679345,27.253824
,,
499F,-25.640288,27.214564
,,
A14F,-25.580072,27.14809
,,
5050,-25.352372,27.093258
,,
44DF,-25.634253,26.866256
,,
4A7C,-25.635325,27.778849
,,
A144,-26.325193,26.294715
,,
5221,-25.545618,28.037275
,,
A6C9,-25.594362,27.784007
,,
8D97,-26.905857,26.590238
,,
9DC2,-25.634372,27.287347
,,
9FF3,-25.759895,27.929473
,,
A69A,-25.542095,27.725812
,,
A727,-25.580341,26.379179
,,
9F51,-26.564752,25.825319
,,
9F91,-26.696873,25.440428
,,
A664,-25.5492,27.6077
,,
5044,-25.544885,26.077769
,,
A6EC,-26.870442,26.650676
,,
83E6,-26.84883,26.68953
,,
9CFA,-25.764796,27.263582
,,
A6B8,-25.604167,27.8825
,,
A70C,-26.8722,26.5668
,,
4AE5,-25.742281,27.900707
,,
5948,-25.672444,27.522223
,,
4465,-25.742903,27.555913
,,
9F8F,-26.318427,26.826039
,,
5931,-25.559898,27.236057
,,
A117,-25.616069,27.260472
,,
A6B9,-26.728206,27.05045
,,
4AD1,-26.728264,27.096515
,,
4468,-26.828619,26.652245
,,
DD22,-25.444611,27.831053
,,
5059,-25.840067,25.612374
,,
4557,-25.679089,27.203403
,,
43D4,-25.892133,25.617905
,,
A924,-26.945351,24.733845
,,
520C,-26.962446,24.728587
,,
5212,-26.951954,26.785585
,,
4A66,-26.956633,24.738392
,,
5086,-27.912969,25.17038
,,
5018,-26.180608,26.132672
,,
5224,-25.284008,25.914366
,,
49CB,-27.565494,24.748382
,,
50B1,-26.278278,25.111424
,,
51F3,-25.444554,25.819363
,,
43EE,-27.219898,25.960305
,,
E02B,-27.256354,25.021101
,,
9C32,-26.089593,25.8724
,,
5911,-27.519234,24.787671
,,
508B,-25.944656,25.475768
,,
88B4,-25.711864,27.883506
,,
5955,-25.943243,26.725651
,,
501C,-26.562654,24.860274
,,
5023,-27.183748,25.331503
,,
49C8,-26.817555,26.682944
,,
4A23,-27.002399,26.688815
,,
49E3,-26.843208,26.774012
,,
4BB7,-27.201494,26.062128
,,
447F,-25.652285,26.70357
,,
A7A9,-25.633642,27.123703
,,
5093,-26.312285,26.81307
,,
449C,-26.163392,26.173748
,,
C0AF,-26.955628,24.720588
,,
508C,-26.983272,24.710015
,,
49A5,-26.963311,24.754595
,,
A706,-27.187535,25.978719
,,
A69C,-27.232757,26.241114
,,
4990,-26.810894,26.005765
,,
4B09,-26.615961,27.053446
,,
A748,-26.294132,27.056596
,,
DB62,-25.867242,26.895674
,,
449A,-25.849414,25.598532
,,
592D,-25.862072,25.648743
,,
4B23,-25.828927,25.650194
,,
4B16,-26.076484,27.314019
,,
A1EB,-26.249493,25.591364
,,
4A4F,-26.864382,26.67107
,,
4A72,-25.690585,27.245164
,,
5ADB,-26.692493,27.090793
,,
A7DC,-25.187784,27.266392
,,
7462,-26.849928,26.797948
,,
837C,-26.894843,26.659824
,,
7D9E,-26.758043,26.420725
,,
723C,-26.990267,26.684545
,,
507E,-26.727654,27.018812
,,
447D,-26.723859,27.079742
,,
4A5B,-26.702432,27.118939
,,
44B0,-26.151931,26.160124
,,
A680,-33.907902,18.777709
,,
5232,-33.985113,18.852724
,,
51D9,-33.920599,18.479484
,,
44AF,-33.330305,19.318935
,,
4562,-34.180519,22.090858
,,
4B00,-33.590789,22.215114
,,
4989,-34.035004,23.05165
,,
4ACC,-34.102473,18.966672
,,
43DA,-33.700468,18.99706
,,
5978,-33.920277,18.398976
,,
597A,-34.042729,18.852218
,,
525E,-33.862157,18.906523
,,
5256,-33.675457,19.089915
,,
4B28,-33.411626,19.195028
,,
49FA,-34.047753,18.593627
,,
49C7,-33.943705,18.687551
,,
4A59,-34.051094,18.498494
,,
4B2F,-34.075949,18.469131
,,
4B2D,-33.977595,18.497233
,,
C0C5,-33.950435,18.592956
,,
58F5,-33.893657,18.998635
,,
4A77,-33.637488,18.994721
,,
A67E,-33.970343,18.535837
,,
4A50,-31.754577,18.689071
,,
455A,-33.818441,19.883482
,,
499C,-33.471583,18.710149
,,
455C,-33.363787,19.313312
,,
436D,-33.891597,19.101476
,,
455E,-33.911362,18.856236
,,
44E3,-32.919216,17.996708
,,
44E4,-33.018943,18.987934
,,
49EF,-33.724672,18.964658
,,
5091,-34.029905,23.071507
,,
51F4,-33.950884,18.380074
,,
504D,-34.032832,18.750662
,,
4A99,-34.035925,20.443936
,,
4ACD,-34.009297,18.523462
,,
58FC,-34.091331,21.247268
,,
50A9,-34.008673,20.972974
,,
4B27,-33.314334,18.262515
,,
5068,-33.725542,18.444872
,,
499E,-33.77413,18.959168
,,
4B07,-33.901183,18.587713
,,
9F97,-34.154921,18.994372
,,
73CC,-33.456349,18.707908
,,
4377,-33.817112,18.552571
,,
83E8,-33.649713,19.465814
,,
7277,-33.830118,18.763671
,,
503E,-34.533638,20.057072
,,
5067,-34.000684,18.589411
,,
7D57,-33.574135,18.489878
,,
5061,-33.438877,18.965971
,,
A17C,-33.823543,18.852343
,,
5073,-33.574787,22.197758
,,
759C,-33.738874,19.004241
,,
4FF7,-33.976103,22.476839
,,
4A9E,-33.929453,18.524775
,,
504C,-34.125013,18.844385
,,
A17A,-33.663675,18.988739
,,
49C4,-33.925931,18.763728
,,
A698,-33.879785,18.505434
,,
4B05,-34.026427,18.598315
,,
A682,-34.051438,18.634624
,,
A6C0,-33.892138,18.548425
,,
44AB,-34.1897889,19.7674806
,,
504B,-32.5800806,19.0174
,,
4AE3,-33.8276667,20.0542222
,,
9F64,-34.397503,19.160722
,,
9F9B,-34.301684,18.814021
,,
A6D1,-34.089671,18.908216
,,
9D41,-33.953889,18.886095
,,
4F6B,-33.564975,18.794479
,,
9E17,-33.273008,19.064439
,,
9C35,-33.254017,19.457992
,,
9CEC,-34.131924,18.404918
,,
5041,-33.927201,18.56353
,,
9FE3,-34.295742,21.913317
,,
9FE0,-33.646979,23.126134
,,
9C99,-33.924632,18.857047
,,
A6FE,-33.723214,23.051017
,,
9BBC,-33.491234,22.520098
,,
4376,-34.38705,21.4112389
,,
506A,-33.986328,19.282424
,,
9D43,-33.333192,20.026863
,,
9FB0,-34.608953,19.337612
,,
506F,-33.895115,20.747351
,,
506E,-33.862074,18.564895
,,
9DB6,-34.007483,19.671198
,,
9C4B,-34.042745,22.232217
,,
5062,-33.897553,18.629312
,,
A6CE,-33.723372,20.163494
,,
9779,-33.678044,19.377573
,,
A1C7,-33.907782,19.073124
,,
9BBD,-33.857232,18.516717
,,
9F8C,-33.832446,18.716717
,,
97A1,-33.966427,18.830409
,,
4322,-33.968539,18.629362
,,
44D4,-33.533496,21.688296
,,
4AE4,-34.473054,19.896932
,,
4F7D,-33.608677,19.394499
,,
A763,-33.200704,20.859842
,,
A6F5,-32.094399,18.876776
,,
9E19,-33.998225,22.615514
,,
9C3C,-34.021127,22.759781
,,
4A7D,-33.927941,18.633456
,,
44C3,-33.011433,17.939328
,,
A6D5,-33.06231,18.34707
,,
44B1,-32.369906,22.569119
,,
9DC5,-33.909564,18.661484
,,
A6D2,-33.3764,18.3795
,,
44BC,-33.82595,18.6055
,,
A693,-34.006356,18.347209
,,
A135,-34.02852,18.44779
,,
A660,-34.8009,20.0404
,,
A71A,-34.339413,19.031639
,,
7145,-34.0899,23.3558
,,
9E14,-34.12772,18.434319
,,
7D59,-33.864038,18.702824
,,
A6D0,-33.834104,18.649053
,,
A719,-33.984268,18.47372
,,
A6C8,-33.494196,21.268272
,,
98F7,-32.782601,18.168021
,,
A137,-33.0096,17.9078
,,
9C9A,-34.405664,19.27811
,,
A1EE,-34.097529,18.3596
,,
9C9E,-33.864511,18.72516
,,
A6CA,-33.865264,18.532607
,,
A712,-33.643816,19.003583
,,
9FE8,-34.355987,18.898853
,,
A70F,-34.411012,19.174001
,,
A6BE,-34.049913,19.609125
,,
A7F1,-33.95016,22.475075
,,
44B3,-33.830695,18.506988
,,
A1C1,-34.595281,19.75445
,,
A686,-33.499194,21.436127
,,
A725,-32.154568,18.605351
,,
A6A4,-32.592273,19.012529
,,
9FEB,-33.144206,18.673736
,,
A6C2,-34.230114,19.426543
,,
A666,-32.903266,18.755711
,,
9FDA,-34.360432,19.941428
,,
A1EF,-34.150144,19.919399
,,
A667,-34.227304,19.198981
,,
A6F6,-34.096739,20.962755
,,
A6F4,-33.787834,20.142392
,,
A68E,-33.286056,19.142521
,,
506C,-34.056931,18.677857
,,
A6C4,-34.369796,21.405626
,,
A68C,-32.186591,18.890318
,,
A6A2,-34.116357,18.82968
,,
A6CD,-34.010504,18.619894
,,
A6CF,-33.514751,18.478812
,,
4B29,-33.990994,18.689313
,,
A689,-34.158221,22.101655
,,
9F6B,-33.778028,20.134322
,,
A697,-33.223723,22.028265
,,
A6C1,-34.02009,18.661542
,,
A6D3,-34.138072,18.430473
,,
A6C7,-33.885821,18.652032
,,
5066,-34.126889,18.380826
,,
9FA2,-34.344564,18.835017
,,
A707,-33.80538,18.47575
,,
9B96,-33.723561,18.990023
,,
A6A1,-34.009981,18.715567
,,
49D8,-34.099168,18.853612
,,
A681,-33.952458,18.654424
,,
C0A0,-34.006144,18.565051
,,
75E7,-34.008929,22.507169
,,
7D75,-33.931579,18.598254
,,
7553,-32.697098,18.229878
,,
A661,-34.133031,22.105143
,,
A15B,-33.890687,18.721343
,,
9B91,-33.950955,18.557368
,,
5058,-34.416279,19.244667
,,
88C4,-34.188827,22.124385
,,
4A78,-33.564069,18.496927
,,
43D5,-34.142084,18.33714
,,
4398,-33.715052,18.558036
,,
44D9,-33.090549,18.033447
,,
5057,-32.908256,17.990742
,,
5047,-32.784371,18.074247
,,
5933,-33.560533,18.566609
,,
4A56,-33.638925,19.448701
,,
5049,-33.614149,19.522062
,,
44CF,-33.477063,19.681704
,,
4A7A,-33.393789,19.930628
,,
505D,-33.259215,20.237621
,,
A68D,-33.144954,21.097825
,,
44C1,-32.983977,21.686265
,,
5070,-32.775031,21.978808
,,
44DD,-32.347818,22.575311
,,
5063,-32.082338,22.951526
,,
4373,-33.959715,22.455546
,,
5006,-34.000048,22.382003
,,
500A,-34.076519,23.36205
,,
4559,-34.002153,23.408143
,,
4977,-34.054899,23.321842
,,
43D8,-34.071972,23.042277
,,
455D,-34.017921,22.468227
,,
7271,-34.208085,21.699368
,,
4467,-34.084462,20.726161
,,
43F9,-34.010652,20.466344
,,
441F,-34.065383,20.087706
,,
9FEA,-34.546612,20.028589
,,
4B36,-34.218592,19.423696
,,
5064,-33.53911,22.218469
,,
49D5,-33.187622,18.667595
,,
4A5E,-32.606329,18.932524
,,
4463,-31.665363,18.508793
,,
5072,-34.465249,19.448912
,,
504A,-33.908593,19.124655
,,
43FC,-33.942134,20.120504
,,
43CC,-33.969849,18.464714
,,
843C,-33.958121,18.403423
,,
83E4,-33.88465561018518,18.49414659385684
,,
A758,-34.029029998963615,18.58868898676303
,,
4B2E,-33.927656,18.422316
,,
44E7,-34.022746,18.366292
,,
43F5,-34.044971,18.465452
,,
5991,-34.003868,18.470961
,,
43D1,-33.931707,18.871232
,,
43FA,-34.160628,18.879139
,,
4994,-34.085859,18.82113
,,
44AD,-34.434458,19.223641
,,
4B43,-33.937545,18.861822
,,
499B,-33.375297,18.888157
,,
5932,-33.785685,18.972832
,,
44DC,-33.790435,18.460547
,,
4A64,-34.040125,18.368447
,,
9FF1,-33.801224,18.462063
,,
9BEC,-33.820267,18.481314
,,
A115,-33.941728,18.427435
,,
A1E9,-33.816227,18.694337
,,
9CEE,-33.919047,18.385368
,,
B213,-33.970711,18.469384
,,
A191,-33.937873,18.445445
,,
9C36,-33.943738,18.489479
,,
9C38,-34.053039,18.363076
,,
A6C3,-34.070289,18.580797
,,
A692,-33.916616,18.425839
,,
7791,-34.20268,18.452825
,,
83EC,-33.961101,18.473072
,,
7275,-33.93303,18.46686
,,
8435,-33.95653,18.377182
,,
A13B,-33.815211,18.670534
,,
49F1,-29.836568,30.995474
,,
5259,-29.771311,30.981386
,,
4A0D,-29.73271,31.027462
,,
44D0,-30.788211,30.180179
,,
525A,-30.539686,29.580014
,,
9AD8,-30.538613,29.437288
,,
448C,-30.555266,29.423422
,,
A177,-29.071553,30.578305
,,
A7B3,-29.559173,31.093333
,,
5258,-27.720226,29.952822
,,
A674,-28.299171,31.422821
,,
A7BA,-30.007395,29.919628
,,
44C9,-29.872543,30.272407
,,
DDB3,-29.637993,30.229945
,,
4A0F,-29.106803,29.973563
,,
9CE3,-29.438373,30.589268
,,
7552,-27.705626,32.164056
,,
49BB,-28.384323,30.370838
,,
44C7,-28.145277,31.876101
,,
A650,-28.707761,29.368338
,,
5935,-28.465951,31.349676
,,
4BB5,-29.748648,30.930161
,,
51E3,-28.125785,30.214301
,,
50A1,-29.802095,30.621609
,,
A64B,-30.20487,30.748512
,,
5249,-30.05375,30.827215
,,
A78B,-29.719113,30.840262
,,
49FC,-27.746808,30.09112
,,
8912,-30.533724,30.594276
,,
51F9,-29.204337,31.339596
,,
44E1,-29.805237,30.816092
,,
525D,-29.812708,30.885379
,,
A673,-29.607997,31.141437
,,
4344,-29.554787,30.300613
,,
4B47,-28.507401,31.18425
,,
4B48,-29.5133,30.93468
,,
4491,-28.859026,31.292932
,,
5071,-29.007528,31.231609
,,
5979,-29.864746,30.792854
,,
49D3,-29.392842,30.766398
,,
90BA,-29.733397,30.914339
,,
A7B1,-29.975974,30.853844
,,
4B25,-29.858457,30.827195
,,
4A08,-29.848664,30.902558
,,
8F56,-26.984903,32.753167
,,
43C9,-29.904539,30.923637
,,
4A0C,-29.698416,31.018055
,,
5233,-29.998719,30.857006
,,
4B1F,-30.165057,30.814137
,,
5903,-30.355227,30.598425
,,
DDA4,-29.410845,31.227642
,,
4997,-29.877399,30.908176
,,
DD8F,-29.582296,30.280951
,,
A782,-29.762445,31.045479
,,
4A0E,-29.954962,30.870311
,,
4B4F,-29.865114,30.949156
,,
5250,-29.755306,30.808608
,,
591B,-29.786355,30.86039
,,
595E,-29.982297,30.892281
,,
4B34,-29.811343,30.886536
,,
9DAF,-29.455759,30.277591
,,
44AA,-29.902483,31.034355
,,
44A7,-27.778192,30.799649
,,
5977,-29.823086,30.65576
,,
595F,-29.894782,30.840143
,,
52BF,-29.629274,30.318853
,,
5939,-27.79673,30.148762
,,
57F9,-28.595878,29.854723
,,
5331,-27.803132,29.945078
,,
A776,-27.74235,30.795726
,,
501B,-28.242215,30.23223
,,
4B1A,-27.446892,30.842097
,,
49CE,-28.592706,31.400027
,,
4B50,-29.682763,30.107279
,,
51FD,-29.496128,30.216545
,,
4B33,-29.555702,30.445311
,,
49EA,-29.904218,30.899011
,,
5229,-28.733327,32.035954
,,
A75C,-29.560173,30.388593
,,
9FED,-29.887574,30.871083
,,
4A9A,-29.557828,31.118978
,,
A659,-29.583395,30.331328
,,
4995,-27.621454,32.030232
,,
498D,-29.222358,30.019915
,,
5076,-29.339251,31.295898
,,
44CA,-30.037814,30.883769
,,
508E,-28.733736,32.086789
,,
A1FE,-29.827375,30.944401
,,
4970,-29.963314,30.892535
,,
44A0,-29.956203,30.986792
,,
49B8,-29.784428,31.035419
,,
499D,-29.761681,31.001894
,,
44D2,-29.370624,31.233783
,,
A14B,-29.746903,30.973793
,,
4B46,-27.777931,30.821782
,,
4A89,-29.581427,31.083051
,,
4A52,-29.650697,30.379453
,,
436A,-29.769855,30.948659
,,
498F,-29.851735,30.751849
,,
44C4,-29.874056,30.993959
,,
43D0,-29.606441,31.031645
,,
498E,-29.890955,30.938386
,,
4B52,-29.820041,30.591511
,,
51EC,-29.798748,30.934457
,,
9F9F,-30.307828,30.658221
,,
49CF,-29.543204,31.195209
,,
4490,-29.318908,31.271635
,,
4B3F,-28.573183,29.844704
,,
4B41,-29.651612,31.003595
,,
9F63,-27.325812,31.496389
,,
4A5D,-28.444186,29.740336
,,
A148,-28.9000917,29.4335111
,,
49DE,-27.974928,30.729686
,,
9CE6,-29.037456,30.582678
,,
A110,-29.688562,31.043867
,,
DBAE,-28.682667,29.095639
,,
9B95,-29.376413,30.507131
,,
595C,-29.734852,30.585764
,,
9FE7,-28.916362,29.610519
,,
4A1A,-28.812878,29.523267
,,
4438,-30.366985,30.699708
,,
A759,-28.888044,31.494785
,,
A114,-29.002944,29.859436
,,
9F30,-29.714576,30.49799
,,
44BE,-30.810148,30.330444
,,
5243,-29.7593222,30.75035
,,
5204,-29.04145,29.79379
,,
52C9,-28.183354,31.086725
,,
A767,-29.792991,30.761544
,,
A662,-29.727154,31.085558
,,
A715,-27.758,30.0283
,,
A777,-29.596793,30.408726
,,
C0C9,-28.23694,31.165556
,,
A6FB,-29.74196,30.684298
,,
A791,-29.70464,30.98411
,,
A761,-29.849,30.87455
,,
A111,-28.7589,32.0617
,,
9C48,-29.709781,31.006975
,,
A65D,-28.014219,30.059917
,,
8E2A,-28.5314,29.8101
,,
7D53,-30.86788,30.3643
,,
DBB3,-28.5959,29.9275
,,
A7C8,-29.79372,29.497955
,,
A651,-29.725556,30.961115
,,
49DB,-29.93655,30.849773
,,
A7F4,-28.020218,32.269183
,,
9F58,-28.433681,32.183502
,,
A7AC,-28.376422,32.412861
,,
A75F,-27.756027,29.932761
,,
A675,-30.289721,29.938896
,,
A7C0,-28.552188,30.424116
,,
A672,-27.906069,31.645298
,,
A65C,-27.681909,31.049776
,,
44B7,-30.477458,29.842732
,,
A940,-28.896983,31.467263
,,
A64D,-29.7157,31.079835
,,
A7B6,-30.576281,29.882079
,,
A7A0,-27.403739,30.822191
,,
A670,-29.737562,30.838988
,,
A64C,-29.025136,31.58624
,,
A7C7,-29.630767,31.043901
,,
A65F,-29.716087,31.034982
,,
A7C5,-29.77751,31.02155
,,
A66F,-29.81087,30.95248
,,
A787,-29.818643,30.860647
,,
9FF4,-30.22111,30.79277
,,
A7FF,-30.258482,30.711718
,,
A7C1,-29.39131,30.14839
,,
51FC,-28.272827,31.034886
,,
A11E,-28.292917,31.069953
,,
A77C,-28.199786,30.160665
,,
745D,-29.730223,31.071573
,,
A68A,-28.590375,29.788433
,,
A65B,-29.6789,31.01583
,,
4A28,-30.743422,30.399303
,,
A78D,-29.7062,30.9433
,,
4469,-29.65555,31.05503
,,
8434,-29.355217,29.994795
,,
DDB2,-29.445664,30.101264
,,
A77D,-29.784926,30.915709
,,
7D99,-29.725201,30.942456
,,
A93E,-29.69703,31.03156
,,
A755,-29.50826,31.19222
,,
A766,-29.991094,30.821902
,,
83E7,-30.034588,30.838122
,,
592F,-29.99539,30.88906
,,
715C,-29.79956,30.98823
,,
4992,-29.84417,31.00705
,,
4A05,-29.86836,30.85874
,,
A780,-29.920741,30.938572
,,
9F3B,-29.94876,30.88704
,,
4A67,-29.981232,30.871048
,,
A792,-28.453742,29.566916
,,
A929,-30.738254,30.42253
,,
509E,-29.97031,30.93916
,,
DD9A,-29.840808,30.795566
,,
DDA2,-29.529858,31.204304
,,
51E4,-29.7733,30.7626
,,
A1C2,-29.902606,30.976185
,,
A765,-29.931184,31.009626
,,
A7CC,-29.924931,30.914292
,,
8F53,-29.944248,30.941084
,,
592B,-29.981786,30.916134
,,
DDAC,-30.017865,30.913418
,,
4B51,-30.289027,30.746264
,,
44BD,-29.625559,30.428275
,,
A941,-29.702465,30.957335
,,
596A,-29.763981,30.725565
,,
4A0B,-28.736525,29.822846
,,
5237,-28.358569,30.037457
,,
5253,-27.377802,31.615475
,,
44E5,-27.778588,31.313557
,,
51E5,-27.454222,32.114806
,,
5902,-28.416843,32.185059
,,
5975,-28.600784,32.085866
,,
44E0,-28.743768,31.891613
,,
7550,-28.770419,31.905276
,,
9C9B,-28.880602,31.90323
,,
9C33,-29.085554,31.424719
,,
4B4B,-30.587032,30.559213
,,
525C,-30.737098,30.448723
,,
4B4A,-30.151389,30.059444
,,
8CF4,-30.728082,30.365926
,,
C091,-30.663737,30.010958
,,
93AB,-29.727527,31.066332
,,
951A,-30.033081,30.900351
,,
A179,-29.478428,31.245233
,,
4A2B,-29.857145,31.021148
,,
A78E,-29.5074895219926,31.216604661756264
,,
49B1,-29.604635,30.379696
,,
A665,-29.751706,31.070061
,,
A65E,-29.816124,31.013179
,,
4AF6,-29.532903,31.221231
,,
A663,-29.716509,31.053037
,,
A17F,-29.827524,30.980961
,,
9F9A,-29.853341,30.989625
,,
936E,-29.879162,30.824431
,,
A11A,-29.669242,30.940931
,,
C09B,-30.854728,30.377188
,,
C0CC,-30.807914,30.407027
